﻿email,firstName,lastName,certificationName,status,message
elmahdy_55@yahoo.com,بثينه ياسر محمد عبد المنعم محمد يوسف,بثينه ياسر محمد عبد المنعم محمد يوسف,AI for Business Decisioning,Success,Completed successfully
marina@meladgroup.com,مارينا ميلاد عبد السيد ابراهيم,مارينا ميلاد عبد السيد ابراهيم,AI for Business Decisioning,Success,Completed successfully
asmaarashdan1987@gmail.com,اسماء محمود عبد المنجى ابو حامد,اسماء محمود عبد المنجى ابو حامد,AI for Business Decisioning,Success,Completed successfully
neveennabih@hotmail.com,نيفين نبيه امين ميخائيل,نيفين نبيه امين ميخائيل,AI for Business Decisioning,Success,Completed successfully
mohamedehabkhalil91@gmail.com,محمد ايهاب خليل عبد المجيد,محمد ايهاب خليل عبد المجيد,AI for Business Decisioning,Success,Completed successfully
mohammadbaiomy@outlook.com,محمد هاشم محمود على,محمد هاشم محمود على,AI for Business Decisioning,Success,Completed successfully
hussam.amer.eg82@gmail.com,حسام فتحى عبد الرازق محمد,حسام فتحى عبد الرازق محمد,AI for Business Decisioning,Success,Completed successfully
islam.seoud@gmail.com,اسلام عبد المنعم عماره سعود,اسلام عبد المنعم عماره سعود,AI for Business Decisioning,Success,Completed successfully
sherif.elsaeed@live.com,شريف السعيد محمد عبد اللطيف,شريف السعيد محمد عبد اللطيف,AI for Business Decisioning,Success,Completed successfully
heba.fawzy2211@gmail.com,هبه فوزى محمد محمود,هبه فوزى محمد محمود,AI for Business Decisioning,Success,Completed successfully
ahmed_yahya410@hotmail.com,احمد يحيى محمد رمضان عبدالله,احمد يحيى محمد رمضان عبدالله,AI for Business Decisioning,Success,Completed successfully
Nadiaawad881@gmail.com,ناديه محمد عواد حماد,ناديه محمد عواد حماد,AI for Business Decisioning,Success,Completed successfully
amoawad707@gmail.com,احمد فؤاد معوض محمود,احمد فؤاد معوض محمود,AI for Business Decisioning,Success,Completed successfully
amr.mohsen21@yahoo.com,عمرو محسن عبد العزيز الششتاوى شتات,عمرو محسن عبد العزيز الششتاوى شتات,AI for Business Decisioning,Success,Completed successfully
TAMERSAAD_FIB@HOTMAIL.COM,تامر سعد محمد عبد الحميد الجمل,تامر سعد محمد عبد الحميد الجمل,AI for Business Decisioning,Success,Completed successfully
mosaad.salah@fra.gov.eg,مسعد صلاح طه على,مسعد صلاح طه على,AI for Business Decisioning,Success,Completed successfully
Shymaafouad2018@gmail.com,شيماء احمد فؤاد عبد الخالق,شيماء احمد فؤاد عبد الخالق,AI for Business Decisioning,Success,Completed successfully
Zizozidan852@yahoo.com,محمد احمد حسانين حسين,محمد احمد حسانين حسين,AI for Business Decisioning,Success,Completed successfully
hrydyasmabdalhafz@gmail.com,اسماء عبد الحافظ عبده محمد احمد,اسماء عبد الحافظ عبده محمد احمد,AI for Business Decisioning,Success,Completed successfully
wjlal867@gmail.com,وليد جلال محمد بدوى,وليد جلال محمد بدوى,AI for Business Decisioning,Success,Completed successfully
abla.aboamou@gmail.com,عبله ابراهيم محمد ابو عمه,عبله ابراهيم محمد ابو عمه,AI for Business Decisioning,Success,Completed successfully
ma0099308@gmail.com,محمود محمد احمد ادم,محمود محمد احمد ادم,AI for Business Decisioning,Success,Completed successfully
nagwafathy4a@gmail.com,نجوى فتحى على احمد,نجوى فتحى على احمد,AI for Business Decisioning,Success,Completed successfully
islam.afify@gmail.com,اسلام عفيفي عباس عفيفي,اسلام عفيفي عباس عفيفي,AI for Business Decisioning,Success,Completed successfully
walaa.fawzy.sedek@gmail.com,ولاء فوزى صديق عبد السلام,ولاء فوزى صديق عبد السلام,AI for Business Decisioning,Success,Completed successfully
aml595263@gmail.com,أمل محمد سعد ابراهيم,أمل محمد سعد ابراهيم,AI for Business Decisioning,Success,Completed successfully
amal_hebish@yahoo.com,امل ابراهيم حبيش حبشى,امل ابراهيم حبيش حبشى,AI for Business Decisioning,Success,Completed successfully
fawzysamah332@gmail.com,سماح فوزى رزق السيد,سماح فوزى رزق السيد,AI for Business Decisioning,Success,Completed successfully
aya.ayman2015@feps.edu.eg,ايه ايمن محمد حسين بدوى,ايه ايمن محمد حسين بدوى,AI for Business Decisioning,Success,Completed successfully
hzain066@gmail.com,حسام احمد ابو العباس زين العابدين محمد,حسام احمد ابو العباس زين العابدين محمد,AI for Business Decisioning,Success,Completed successfully
ahmedhn1984@gmail.com,احمد حسن عبد الحليم محمود النجار,احمد حسن عبد الحليم محمود النجار,AI for Business Decisioning,Success,Completed successfully
Scarno119@gmail.com,هانى طلال مصطفى احمد عبد الباقى جوده,هانى طلال مصطفى احمد عبد الباقى جوده,AI for Business Decisioning,Success,Completed successfully
acc_atelnoby2010@yahoo.com,ايات النوبى ابراهيم عرابى,ايات النوبى ابراهيم عرابى,AI for Business Decisioning,Success,Completed successfully
Eng.Mina_Adel@yahoo.com,مينا عادل منير رزق,مينا عادل منير رزق,AI for Business Decisioning,Success,Completed successfully
tarikaboelhassan@gmail.com,طارق ابو الحسن محمد نور,طارق ابو الحسن محمد نور,AI for Business Decisioning,Success,Completed successfully
fatmamf187@gmail.com,فاطمة محمد فاروق زكى,فاطمة محمد فاروق زكى,AI for Business Decisioning,Success,Completed successfully
abeer.elrobey@gmail.com,عبير عمر على على,عبير عمر على على,AI for Business Decisioning,Success,Completed successfully
ma5205614@gmail.com,مروه احمد السيد ابو سالمان,مروه احمد السيد ابو سالمان,AI for Business Decisioning,Success,Completed successfully
raniasaid1806@gmail.com,رانيا سعيد ابراهيم قنصوه,رانيا سعيد ابراهيم قنصوه,AI for Business Decisioning,Success,Completed successfully
hossamabdelzaherabokhadra@gmail.com,حسام عبد الظاهر منصور قاسم,حسام عبد الظاهر منصور قاسم,AI for Business Decisioning,Success,Completed successfully
samahsaied337@yahoo.com,سماح احمد سعيد عبد العال,سماح احمد سعيد عبد العال,AI for Business Decisioning,Success,Completed successfully
Heba882000@yahoo.com,هبه سيد عبد الله حسن,هبه سيد عبد الله حسن,AI for Business Decisioning,Success,Completed successfully
waleed12elkashef@gmail.com,وليد محمد محمد خليل,وليد محمد محمد خليل,AI for Business Decisioning,Success,Completed successfully
amanyaljml055@gmail.com,امانى ابراهيم ابو المعاطى الجمل,امانى ابراهيم ابو المعاطى الجمل,AI for Business Decisioning,Success,Completed successfully
faresghonaim@icloud.com,فارس عبد الله على حسن غنيم,فارس عبد الله على حسن غنيم,AI for Business Decisioning,Success,Completed successfully
sh.sleem.111@gmail.com,شيماء عبد المنعم محمود سليم,شيماء عبد المنعم محمود سليم,AI for Business Decisioning,Success,Completed successfully
wessammahmoudshaban@gmail.com,وسام محمود عبد الحميد حسن شعبان,وسام محمود عبد الحميد حسن شعبان,AI for Business Decisioning,Success,Completed successfully
alshaimaatoma1@gmail.com,الشيماء احمد حامد احمد على توما,الشيماء احمد حامد احمد على توما,AI for Business Decisioning,Success,Completed successfully
badralgamal35@gmail.com,بدر جمل حسن جمل,بدر جمل حسن جمل,AI for Business Decisioning,Success,Completed successfully
salhm9058@gmail.com,محمد محمود صالح يونس,محمد محمود صالح يونس,AI for Business Decisioning,Success,Completed successfully
dodosaber2022@gmail.com,غاده صابر عبد الخالق حسن موسى,غاده صابر عبد الخالق حسن موسى,AI for Business Decisioning,Success,Completed successfully
maitaher1234@gmail.com,مى محمد طاهر محمود حفنى عثمان,مى محمد طاهر محمود حفنى عثمان,AI for Business Decisioning,Success,Completed successfully
hany_hassanin82@yahoo.com,هانى حسانين محمد السيد,هانى حسانين محمد السيد,AI for Business Decisioning,Success,Completed successfully
samer.farag@kapci.com,سامر السيد محمد فرج جاد,سامر السيد محمد فرج جاد,AI for Business Decisioning,Success,Completed successfully
acc.bakr@gmail.com,بكر عبدالله السيد ابراهيم,بكر عبدالله السيد ابراهيم,AI for Business Decisioning,Success,Completed successfully
amy.ezzat79@hotmail.com,ايمان حسن عزت احمد,ايمان حسن عزت احمد,AI for Business Decisioning,Success,Completed successfully
mzyad9734@gmail.com,احمد محمد معتمد على بركات,احمد محمد معتمد على بركات,AI for Business Decisioning,Success,Completed successfully
abeer.abdallah.2208@gmail.com,عبير عبد الله جابر احمد,عبير عبد الله جابر احمد,AI for Business Decisioning,Success,Completed successfully
fatmamamdouh2020@gmail.com,فاطمه ممدوح احمد عبد ربه,فاطمه ممدوح احمد عبد ربه,AI for Business Decisioning,Success,Completed successfully
abdallaagag87@gmail.com,عبدالله محمود شفيق محمد عجاج,عبدالله محمود شفيق محمد عجاج,AI for Business Decisioning,Success,Completed successfully
ahmedkhalf2014@gmail.com,احمد عبد المنعم السيد خلف,احمد عبد المنعم السيد خلف,AI for Business Decisioning,Success,Completed successfully
mohammedsoliman915@gmail.com,محمد جمال كمال سليمان,محمد جمال كمال سليمان,AI for Business Decisioning,Success,Completed successfully
yomnaabdelmegeed08@gmail.com,يمنى عبد المجيد يوسف عبد المجيد,يمنى عبد المجيد يوسف عبد المجيد,AI for Business Decisioning,Success,Completed successfully
marwaalaraby66@gmail.com,مروة السيد العربي محمد ابراهيم,مروة السيد العربي محمد ابراهيم,AI for Business Decisioning,Success,Completed successfully
tamer_gendy@hotmail.com,تامر محمد الجندى عبد الهادى الجندى,تامر محمد الجندى عبد الهادى الجندى,AI for Business Decisioning,Success,Completed successfully
atolb1982@gmail.com,احمد طلبه محمود حسانين,احمد طلبه محمود حسانين,AI for Business Decisioning,Success,Completed successfully
walaamohamed01118998084@gmail.com,ولاء محمد احمد حامد,ولاء محمد احمد حامد,AI for Business Decisioning,Success,Completed successfully
mo.omran1984@gmail.com,محمد محسن مصيلحى عمران,محمد محسن مصيلحى عمران,AI for Business Decisioning,Success,Completed successfully
husseingomaa132@gmail.com,حسين جمعه محمود امين,حسين جمعه محمود امين,AI for Business Decisioning,Success,Completed successfully
dinaa.ismaiill.mohamed@gmail.com,دينا اسماعيل محمد عبد الرسول,دينا اسماعيل محمد عبد الرسول,AI for Business Decisioning,Success,Completed successfully
mohamed.gawad890@gmail.com,محمد احمد محمود عبد الجواد,محمد احمد محمود عبد الجواد,AI for Business Decisioning,Success,Completed successfully
bobba80eg@yahoo.com,هبه على محمد على,هبه على محمد على,AI for Business Decisioning,Success,Completed successfully
nosir_m@yahoo.com,محمود عبد النعيم محمد نصير,محمود عبد النعيم محمد نصير,AI for Business Decisioning,Success,Completed successfully
khaledd.youssef@gmail.com,خالد احمد يوسف الدواخلى,خالد احمد يوسف الدواخلى,AI for Business Decisioning,Success,Completed successfully
elfateh8@gmail.com,محمد محمد الفاتح عبدالرحمن الصادق,محمد محمد الفاتح عبدالرحمن الصادق,AI for Business Decisioning,Success,Completed successfully
amiraherzallah50@gmail.com,اميرة محمد حرز الله محمد,اميرة محمد حرز الله محمد,AI for Business Decisioning,Success,Completed successfully
waleedanassar@gmail.com,وليد عبدالهادى عبدالغنى الحسينى نصار,وليد عبدالهادى عبدالغنى الحسينى نصار,AI for Business Decisioning,Success,Completed successfully
HHEBA1@HOTMAIL.COM,هبه روحى صالح حسن السيد عواجه,هبه روحى صالح حسن السيد عواجه,AI for Business Decisioning,Success,Completed successfully
moustafa.elbrashy@gmail.com,مصطفى محمد حسنى البراشي,مصطفى محمد حسنى البراشي,AI for Business Decisioning,Success,Completed successfully
bahazaki73@gmail.com,بهاء الدين زكى نجم الدين محمد,بهاء الدين زكى نجم الدين محمد,AI for Business Decisioning,Success,Completed successfully
gamalabdelaal98@gmail.com,جمال مصطفى عبد العال ابراهيم,جمال مصطفى عبد العال ابراهيم,AI for Business Decisioning,Success,Completed successfully
hazemgabr21@gmail.com,حازم جبر عبد الرحمن عبد القوي,حازم جبر عبد الرحمن عبد القوي,AI for Business Decisioning,Success,Completed successfully
nabilroshdyy@gmail.com,نبيل رشدى محمود على خير الله,نبيل رشدى محمود على خير الله,AI for Business Decisioning,Success,Completed successfully
ahmedhazem23@gmail.com,احمد حازم انور على الدين حافظ,احمد حازم انور على الدين حافظ,AI for Business Decisioning,Success,Completed successfully
maysaabdo70@gmail.com,مايسة عبده قاسم محمد,مايسة عبده قاسم محمد,AI for Business Decisioning,Success,Completed successfully
mmali6201@gmail.com,محمد على حسن على ابوالمعاطى,محمد على حسن على ابوالمعاطى,AI for Business Decisioning,Success,Completed successfully
azzam511985@gmail.com,محمد حسن محمد عبد الله عزام,محمد حسن محمد عبد الله عزام,AI for Business Decisioning,Success,Completed successfully
engghadaelabd@gmail.com,غاده ابراهيم محمد مصطفى مراد,غاده ابراهيم محمد مصطفى مراد,AI for Business Decisioning,Success,Completed successfully
HANIABDULAAL@HOTMAIL.COM,هاني على عبد العزيز عبد العال,هاني على عبد العزيز عبد العال,AI for Business Decisioning,Success,Completed successfully
dr.mohamed.saleh.eg@gmail.com,محمد السيد احمد السيد يوسف صالح,محمد السيد احمد السيد يوسف صالح,AI for Business Decisioning,Success,Completed successfully
secgen@aaru.edu.jo,لينا محمد نظمى اسماعيل البيطار,لينا محمد نظمى اسماعيل البيطار,AI for Business Decisioning,Success,Completed successfully
sweet.bobosmaa82@gmail.com,هبه عبد الفتاح على السيد سالم,هبه عبد الفتاح على السيد سالم,AI for Business Decisioning,Success,Completed successfully
danooevip@gmail.com,دينا محمد جابر محمد,دينا محمد جابر محمد,AI for Business Decisioning,Success,Completed successfully
shima.ahmed@te.eg,شيماء سيد احمد عبدالفتاح الكتاتنى,شيماء سيد احمد عبدالفتاح الكتاتنى,AI for Business Decisioning,Success,Completed successfully
mam740112@gmail.com,مروه احمد محمد محمد محمود,مروه احمد محمد محمد محمود,AI for Business Decisioning,Success,Completed successfully
yousryzayed1958@gmail.com,يسرى عبده توفيق زايد,يسرى عبده توفيق زايد,AI for Business Decisioning,Success,Completed successfully
xabrahym@gmail.com,احمد ابراهيم احمد عبد الحميد,احمد ابراهيم احمد عبد الحميد,AI for Business Decisioning,Success,Completed successfully
ahmedmr824@gmail.com,احمد محمد احمد عبد الشافى,احمد محمد احمد عبد الشافى,AI for Business Decisioning,Success,Completed successfully
